time,has_motion,Gesture_confidence,Move_confidence,NoGesture_confidence,cnn_class,cnn_confidence,lgbm_class,lgbm_confidence,lgbm_nogesture_prob,lgbm_gesture_prob
0.8,0.9525177478790283,0.7246050492694422,0.22791275538406808,0.04748225212097168,Gesture,0.7246050492694422,NoGesture,0.2477148173344348,0.2477148173344348,0.7522851826655652
0.8333333333333334,0.9749099016189575,0.7910999997059847,0.18380996002213124,0.02509009838104248,Gesture,0.7910999997059847,NoGesture,0.27940147006928506,0.27940147006928506,0.7205985299307149
0.8666666666666667,0.9786533117294312,0.799280549843651,0.17937277646885086,0.021346688270568848,Gesture,0.799280549843651,NoGesture,0.2968591497268922,0.2968591497268922,0.7031408502731078
0.9,0.9638383388519287,0.8357951240144246,0.12804321483750414,0.03616166114807129,Gesture,0.8357951240144246,NoGesture,0.44621527169023617,0.44621527169023617,0.5537847283097639
0.9333333333333333,0.9463712573051453,0.8027872015889059,0.14358405571623933,0.053628742694854736,Gesture,0.8027872015889059,NoGesture,0.5252074242314921,0.5252074242314921,0.47479257576850786
0.9666666666666667,0.9146591424942017,0.7963573534783208,0.11830178901588084,0.08534085750579834,Gesture,0.7963573534783208,NoGesture,0.5955744879932477,0.5955744879932477,0.40442551200675214
1.0,0.8809058666229248,0.7826220958848324,0.09828380355439315,0.1190941333770752,NoGesture,0.1190941333770752,NoGesture,0.6898430128742512,0.6898430128742512,0.31015698712574885
1.0333333333333334,0.7940200567245483,0.7040153481426259,0.09000470858192244,0.20597994327545166,NoGesture,0.20597994327545166,NoGesture,0.7671539420610011,0.7671539420610011,0.23284605793899887
1.0666666666666667,0.6833094358444214,0.5986230029634498,0.08468644815412762,0.3166905641555786,NoGesture,0.3166905641555786,NoGesture,0.6379418532494465,0.6379418532494465,0.3620581467505534
1.1,0.6370278596878052,0.5616790694683189,0.0753488092043959,0.3629721403121948,NoGesture,0.3629721403121948,NoGesture,0.5193729606400749,0.5193729606400749,0.480627039359925
1.1333333333333333,0.7170510292053223,0.6367906863458472,0.08026032683213558,0.28294897079467773,NoGesture,0.28294897079467773,NoGesture,0.6265340648569823,0.6265340648569823,0.3734659351430178
1.1666666666666667,0.7287188172340393,0.6493019112072922,0.07941694946177336,0.2712811827659607,NoGesture,0.2712811827659607,NoGesture,0.7061735732203954,0.7061735732203954,0.2938264267796046
1.2,0.7265270948410034,0.6445736678001097,0.08195347034528311,0.2734729051589966,NoGesture,0.2734729051589966,NoGesture,0.8238594166994615,0.8238594166994615,0.17614058330053847
1.2333333333333334,0.6002720594406128,0.5314771229732713,0.06879495882921827,0.3997279405593872,NoGesture,0.3997279405593872,NoGesture,0.9115315647991948,0.9115315647991948,0.0884684352008051
1.2666666666666666,0.5877224206924438,0.5208796209373858,0.06684280851280455,0.41227757930755615,NoGesture,0.41227757930755615,NoGesture,0.9108590825569426,0.9108590825569426,0.0891409174430575
1.3,0.6354918479919434,0.55241738682696,0.08307441381715108,0.36450815200805664,NoGesture,0.36450815200805664,NoGesture,0.9286401412511914,0.9286401412511914,0.07135985874880849
1.3333333333333333,0.6850916743278503,0.5995437445491518,0.08554792467436778,0.31490832567214966,NoGesture,0.31490832567214966,NoGesture,0.8704718620153474,0.8704718620153474,0.12952813798465246
1.3666666666666667,0.7192240357398987,0.6336814182145147,0.08554260144947401,0.2807759642601013,NoGesture,0.2807759642601013,NoGesture,0.8485487812638668,0.8485487812638668,0.1514512187361332
1.4,0.7878806591033936,0.6901672925276188,0.0977134017967849,0.21211934089660645,NoGesture,0.21211934089660645,NoGesture,0.8482287451843455,0.8482287451843455,0.1517712548156544
1.4333333333333333,0.7638652324676514,0.655500709090532,0.10836451199464037,0.23613476753234863,NoGesture,0.23613476753234863,NoGesture,0.8856547444951209,0.8856547444951209,0.11434525550487896
1.4666666666666666,0.7584383487701416,0.6322638965261831,0.1261744748471827,0.2415616512298584,NoGesture,0.2415616512298584,NoGesture,0.8776225890501658,0.8776225890501658,0.1223774109498343
1.5,0.6150990724563599,0.5063695665707968,0.10872947838849178,0.38490092754364014,NoGesture,0.38490092754364014,NoGesture,0.8711893841684563,0.8711893841684563,0.12881061583154363
1.5333333333333334,0.5331720113754272,0.42192624699615067,0.11124578026904075,0.46682798862457275,NoGesture,0.46682798862457275,NoGesture,0.8908019583468672,0.8908019583468672,0.10919804165313292
1.5666666666666667,0.46469950675964355,0.3434950158217873,0.12120450478698075,0.5353004932403564,NoGesture,0.5353004932403564,NoGesture,0.8645542078109567,0.8645542078109567,0.13544579218904335
1.6,0.4019719660282135,0.2753275091545522,0.12664445687366133,0.5980280339717865,NoGesture,0.5980280339717865,NoGesture,0.7982787652774519,0.7982787652774519,0.20172123472254797
1.6333333333333333,0.32100969552993774,0.22188600191083907,0.09912368405226424,0.6789903044700623,NoGesture,0.6789903044700623,NoGesture,0.6889469819553795,0.6889469819553795,0.31105301804462054
1.6666666666666667,0.27770212292671204,0.19574316308020911,0.08195895984650292,0.722297877073288,NoGesture,0.722297877073288,NoGesture,0.6306581417580872,0.6306581417580872,0.36934185824191285
1.7,0.3038296699523926,0.2106567392451666,0.09317294881688554,0.6961703300476074,NoGesture,0.6961703300476074,NoGesture,0.5033493916310009,0.5033493916310009,0.4966506083689992
1.7333333333333334,0.3456532657146454,0.23354194774045212,0.11211133857673339,0.6543467342853546,NoGesture,0.6543467342853546,NoGesture,0.5507643689360042,0.5507643689360042,0.4492356310639958
1.7666666666666666,0.34383007884025574,0.22402142044926343,0.1198086583909923,0.6561699211597443,NoGesture,0.6561699211597443,NoGesture,0.5942256678600774,0.5942256678600774,0.4057743321399227
1.8,0.4007059633731842,0.2601178995600044,0.1405880638131798,0.5992940366268158,NoGesture,0.5992940366268158,NoGesture,0.5159647160232093,0.5159647160232093,0.4840352839767907
1.8333333333333333,0.507929801940918,0.33813544817064667,0.169794368907759,0.49207019805908203,NoGesture,0.49207019805908203,NoGesture,0.40623619619621054,0.40623619619621054,0.5937638038037896
1.8666666666666667,0.4851311147212982,0.3146687843886955,0.17046233033260272,0.5148688852787018,NoGesture,0.5148688852787018,NoGesture,0.48376819683330335,0.48376819683330335,0.5162318031666967
1.9,0.4353012144565582,0.2753859264448,0.15991528801175825,0.5646987855434418,NoGesture,0.5646987855434418,NoGesture,0.4343981045061008,0.4343981045061008,0.5656018954938993
1.9333333333333333,0.39567887783050537,0.2535063795339809,0.1421725218808234,0.6043211221694946,NoGesture,0.6043211221694946,NoGesture,0.5360008350231817,0.5360008350231817,0.4639991649768183
1.9666666666666666,0.5071707963943481,0.3290409332368398,0.1781298933872435,0.49282920360565186,NoGesture,0.49282920360565186,NoGesture,0.6790889550962115,0.6790889550962115,0.32091104490378847
2.0,0.5299946069717407,0.3373279524924939,0.19266663868417666,0.4700053930282593,NoGesture,0.4700053930282593,NoGesture,0.6668843994159374,0.6668843994159374,0.33311560058406264
2.033333333333333,0.5314911603927612,0.3430287601280426,0.1884623844250477,0.46850883960723877,NoGesture,0.46850883960723877,NoGesture,0.5918661692901935,0.5918661692901935,0.4081338307098065
2.066666666666667,0.5032798051834106,0.33242779544677603,0.1708519947377276,0.49672019481658936,NoGesture,0.49672019481658936,NoGesture,0.5142845822463529,0.5142845822463529,0.48571541775364707
2.1,0.6025922298431396,0.42768430185624595,0.1749078920695979,0.39740777015686035,NoGesture,0.39740777015686035,NoGesture,0.32031335207043066,0.32031335207043066,0.6796866479295693
2.1333333333333333,0.6647359132766724,0.48638703210846046,0.1783488613575379,0.33526408672332764,NoGesture,0.33526408672332764,NoGesture,0.15858165930298845,0.15858165930298845,0.8414183406970116
2.1666666666666665,0.6678287982940674,0.5060335618695007,0.1617952463759913,0.3321712017059326,NoGesture,0.3321712017059326,NoGesture,0.1587977775028967,0.1587977775028967,0.8412022224971033
2.2,0.7022839784622192,0.5507516159174131,0.15153239393934648,0.29771602153778076,NoGesture,0.29771602153778076,NoGesture,0.12445655433188384,0.12445655433188384,0.8755434456681161
2.2333333333333334,0.7949202060699463,0.630733084170501,0.16418718112561592,0.2050797939300537,NoGesture,0.2050797939300537,NoGesture,0.17996469000371082,0.17996469000371082,0.820035309996289
2.2666666666666666,0.8004368543624878,0.6298483375464627,0.17058856452577942,0.1995631456375122,NoGesture,0.1995631456375122,NoGesture,0.31315236731373336,0.31315236731373336,0.6868476326862667
2.3,0.7912371158599854,0.6252467422822434,0.16599038536809374,0.20876288414001465,NoGesture,0.20876288414001465,NoGesture,0.3835857639471465,0.3835857639471465,0.6164142360528535
2.3333333333333335,0.7594320178031921,0.615477256046173,0.14395478438985698,0.24056798219680786,NoGesture,0.24056798219680786,NoGesture,0.48807909639598224,0.48807909639598224,0.5119209036040178
2.3666666666666667,0.8139079809188843,0.6875787857613602,0.12632919515752405,0.18609201908111572,NoGesture,0.18609201908111572,NoGesture,0.5362646382229628,0.5362646382229628,0.46373536177703734
2.4,0.790967583656311,0.6740534061921224,0.11691414210518225,0.20903241634368896,NoGesture,0.20903241634368896,NoGesture,0.6783408349044241,0.6783408349044241,0.32165916509557585
2.433333333333333,0.7834875583648682,0.6823442453744377,0.10114330131555604,0.21651244163513184,NoGesture,0.21651244163513184,NoGesture,0.6541567684034258,0.6541567684034258,0.34584323159657415
2.466666666666667,0.753264844417572,0.6719015253050955,0.08136334156151825,0.24673515558242798,NoGesture,0.24673515558242798,NoGesture,0.663760428493778,0.663760428493778,0.33623957150622197
2.5,0.7503917217254639,0.6862051843630042,0.0641865038173357,0.24960827827453613,NoGesture,0.24960827827453613,NoGesture,0.6636529047040834,0.6636529047040834,0.3363470952959166
2.533333333333333,0.7577989101409912,0.6924607908685374,0.06533810233432824,0.2422010898590088,NoGesture,0.2422010898590088,NoGesture,0.6571796939696941,0.6571796939696941,0.3428203060303059
2.566666666666667,0.7718374133110046,0.7048990342048889,0.06693833310102093,0.22816258668899536,NoGesture,0.22816258668899536,NoGesture,0.607624576744558,0.607624576744558,0.39237542325544206
2.6,0.7828453183174133,0.7102735472934718,0.07257173602802869,0.21715468168258667,NoGesture,0.21715468168258667,NoGesture,0.6043618341509998,0.6043618341509998,0.3956381658490003
2.6333333333333333,0.7751370072364807,0.7080021913446082,0.06713479279098955,0.2248629927635193,NoGesture,0.2248629927635193,NoGesture,0.6084310534739761,0.6084310534739761,0.3915689465260239
2.6666666666666665,0.8162980079650879,0.7549672147631554,0.06133074454677967,0.1837019920349121,NoGesture,0.1837019920349121,NoGesture,0.542033672840844,0.542033672840844,0.45796632715915586
2.7,0.8098430633544922,0.7546696972565314,0.055173341962756695,0.1901569366455078,NoGesture,0.1901569366455078,NoGesture,0.5957118854610374,0.5957118854610374,0.4042881145389627
2.7333333333333334,0.8113029599189758,0.7518470226377261,0.059455919147215486,0.18869704008102417,NoGesture,0.18869704008102417,NoGesture,0.4362552307229903,0.4362552307229903,0.5637447692770097
2.7666666666666666,0.7978535890579224,0.7427977397178509,0.05505582556218158,0.20214641094207764,NoGesture,0.20214641094207764,NoGesture,0.4293117901657464,0.4293117901657464,0.5706882098342536
2.8,0.7427451610565186,0.6982990075249376,0.04444614246381562,0.25725483894348145,NoGesture,0.25725483894348145,NoGesture,0.4628550650386042,0.4628550650386042,0.5371449349613958
2.8333333333333335,0.6870459318161011,0.6498914641508122,0.037154477903071026,0.3129540681838989,NoGesture,0.3129540681838989,NoGesture,0.5747509473320639,0.5747509473320639,0.42524905266793617
2.8666666666666667,0.6176979541778564,0.5813342856940693,0.036363663881578745,0.38230204582214355,NoGesture,0.38230204582214355,NoGesture,0.514168506997794,0.514168506997794,0.48583149300220585
2.9,0.521232008934021,0.4897463597661158,0.03148563751746192,0.478767991065979,NoGesture,0.478767991065979,NoGesture,0.4946727415927311,0.4946727415927311,0.5053272584072689
2.933333333333333,0.48098599910736084,0.45185964293771264,0.029126350794210776,0.5190140008926392,NoGesture,0.5190140008926392,NoGesture,0.5909274986461645,0.5909274986461645,0.4090725013538356
2.966666666666667,0.47867152094841003,0.45065942617333654,0.02801207694316976,0.52132847905159,NoGesture,0.52132847905159,NoGesture,0.5167573963737371,0.5167573963737371,0.483242603626263
3.0,0.4781147241592407,0.45218375345408646,0.025930992078547987,0.5218852758407593,NoGesture,0.5218852758407593,NoGesture,0.5713570054628068,0.5713570054628068,0.4286429945371932
3.033333333333333,0.5157036185264587,0.4878664941671218,0.027837133965065375,0.48429638147354126,NoGesture,0.48429638147354126,NoGesture,0.4368231667107271,0.4368231667107271,0.5631768332892729
3.066666666666667,0.5579193830490112,0.5299750218220822,0.02794438408945732,0.44208061695098877,NoGesture,0.44208061695098877,NoGesture,0.3910569011124621,0.3910569011124621,0.608943098887538
3.1,0.6000131368637085,0.5731148195009084,0.026898310657130775,0.3999868631362915,NoGesture,0.3999868631362915,NoGesture,0.5304287769208733,0.5304287769208733,0.4695712230791267
3.1333333333333333,0.6890699863433838,0.6587778296549516,0.03029212845158913,0.3109300136566162,NoGesture,0.3109300136566162,NoGesture,0.6312956600327234,0.6312956600327234,0.36870433996727653
3.1666666666666665,0.7493244409561157,0.7159470828402164,0.033377419527822916,0.2506755590438843,NoGesture,0.2506755590438843,NoGesture,0.7891394864257611,0.7891394864257611,0.21086051357423885
3.2,0.8204618096351624,0.7814483919128534,0.03901343911751787,0.17953819036483765,NoGesture,0.17953819036483765,NoGesture,0.8102208027845903,0.8102208027845903,0.1897791972154097
3.2333333333333334,0.8208696842193604,0.7822042205982314,0.038665475853040476,0.17913031578063965,NoGesture,0.17913031578063965,NoGesture,0.8444494042715386,0.8444494042715386,0.15555059572846144
3.2666666666666666,0.7941000461578369,0.7581965080730413,0.035903496669250856,0.20589995384216309,NoGesture,0.20589995384216309,NoGesture,0.7558632508984907,0.7558632508984907,0.24413674910150926
3.3,0.7812269926071167,0.7466512167425421,0.03457574385130391,0.2187730073928833,NoGesture,0.2187730073928833,NoGesture,0.7783723482674947,0.7783723482674947,0.2216276517325052
3.3333333333333335,0.7655839920043945,0.7317727390949926,0.03381125005737928,0.23441600799560547,NoGesture,0.23441600799560547,NoGesture,0.7528435738109841,0.7528435738109841,0.24715642618901595
3.3666666666666667,0.7077078819274902,0.6773882392470227,0.03031964795330211,0.29229211807250977,NoGesture,0.29229211807250977,NoGesture,0.7880395304298784,0.7880395304298784,0.21196046957012166
3.4,0.6344338655471802,0.6079875370915246,0.026446323728754884,0.3655661344528198,NoGesture,0.3655661344528198,NoGesture,0.7691165048264655,0.7691165048264655,0.23088349517353446
3.433333333333333,0.5457525849342346,0.5248367083030132,0.020915850201092878,0.4542474150657654,NoGesture,0.4542474150657654,NoGesture,0.7855249893381802,0.7855249893381802,0.21447501066181981
3.466666666666667,0.466806560754776,0.4492599295479973,0.017546664247587773,0.533193439245224,NoGesture,0.533193439245224,NoGesture,0.8234068001618509,0.8234068001618509,0.17659319983814917
3.5,0.5264104008674622,0.5067772118017437,0.019633151806118798,0.47358959913253784,NoGesture,0.47358959913253784,NoGesture,0.842757247474717,0.842757247474717,0.15724275252528294
3.533333333333333,0.6266188025474548,0.6027145199317445,0.0239042616066778,0.37338119745254517,NoGesture,0.37338119745254517,NoGesture,0.8685663468175444,0.8685663468175444,0.13143365318245565
3.566666666666667,0.655335545539856,0.6312952316892009,0.02404028699618843,0.34466445446014404,NoGesture,0.34466445446014404,NoGesture,0.8462098717068158,0.8462098717068158,0.15379012829318417
3.6,0.5780064463615417,0.559245681144823,0.018760745837542503,0.42199355363845825,NoGesture,0.42199355363845825,NoGesture,0.8391257773520907,0.8391257773520907,0.16087422264790935
3.6333333333333333,0.5202223062515259,0.501526792314479,0.01869553137885882,0.4797776937484741,NoGesture,0.4797776937484741,NoGesture,0.8055099197304997,0.8055099197304997,0.1944900802695003
3.6666666666666665,0.39975324273109436,0.3849880820543099,0.014765139828028184,0.6002467572689056,NoGesture,0.6002467572689056,NoGesture,0.6907018869970861,0.6907018869970861,0.3092981130029138
3.7,0.35423043370246887,0.3406500087131086,0.013580406514803522,0.6457695662975311,NoGesture,0.6457695662975311,NoGesture,0.636071326785293,0.636071326785293,0.3639286732147069
3.7333333333333334,0.29575785994529724,0.2844089746881888,0.011348884155324535,0.7042421400547028,NoGesture,0.7042421400547028,NoGesture,0.6662077080613555,0.6662077080613555,0.33379229193864446
3.7666666666666666,0.25131651759147644,0.24089524769649984,0.010421258660252786,0.7486834824085236,NoGesture,0.7486834824085236,NoGesture,0.4652086956415189,0.4652086956415189,0.5347913043584811
3.8,0.24131304025650024,0.23005033744631476,0.011262704608107743,0.7586869597434998,NoGesture,0.7586869597434998,NoGesture,0.4638598023425472,0.4638598023425472,0.5361401976574528
3.8333333333333335,0.18252664804458618,0.17311228039787352,0.009414379206113432,0.8174733519554138,NoGesture,0.8174733519554138,NoGesture,0.359723990027142,0.359723990027142,0.640276009972858
3.8666666666666667,0.12011053413152695,0.11371981531676534,0.006390717919868394,0.879889465868473,NoGesture,0.879889465868473,NoGesture,0.3518219201180709,0.3518219201180709,0.6481780798819291
3.9,0.09549853950738907,0.08939232982577705,0.006106208970092453,0.9045014604926109,NoGesture,0.9045014604926109,NoGesture,0.3390413122913384,0.3390413122913384,0.6609586877086616
3.933333333333333,0.08496751636266708,0.07897645425251643,0.005991063376265315,0.9150324836373329,NoGesture,0.9150324836373329,NoGesture,0.1887454815621626,0.1887454815621626,0.8112545184378374
3.966666666666667,0.07951434701681137,0.07343940020426043,0.006074948589835094,0.9204856529831886,NoGesture,0.9204856529831886,NoGesture,0.18872496801438182,0.18872496801438182,0.8112750319856182
4.0,0.07455650717020035,0.06828374018147398,0.006272768099704895,0.9254434928297997,NoGesture,0.9254434928297997,NoGesture,0.1841562572239958,0.1841562572239958,0.8158437427760041
4.033333333333333,0.07691697031259537,0.06933235415272732,0.007584612721411532,0.9230830296874046,NoGesture,0.9230830296874046,NoGesture,0.20366222502619208,0.20366222502619208,0.796337774973808
4.066666666666666,0.08978506922721863,0.07976884072317247,0.010016228504046154,0.9102149307727814,NoGesture,0.9102149307727814,NoGesture,0.2741743945106868,0.2741743945106868,0.7258256054893132
4.1,0.10053173452615738,0.0874937148109951,0.013038019715162275,0.8994682654738426,NoGesture,0.8994682654738426,NoGesture,0.2943966481232715,0.2943966481232715,0.7056033518767285
4.133333333333334,0.11530836671590805,0.0999138429543538,0.015394528916239936,0.884691633284092,NoGesture,0.884691633284092,NoGesture,0.2566066197949573,0.2566066197949573,0.7433933802050428
4.166666666666667,0.148106649518013,0.12653422312175167,0.021572424189300277,0.851893350481987,NoGesture,0.851893350481987,NoGesture,0.27678958566915274,0.27678958566915274,0.7232104143308473
4.2,0.21040911972522736,0.1789594250598956,0.03144969466533176,0.7895908802747726,NoGesture,0.7895908802747726,NoGesture,0.1994168838068089,0.1994168838068089,0.8005831161931911
4.233333333333333,0.273680716753006,0.2319572200496296,0.04172349262521591,0.726319283246994,NoGesture,0.726319283246994,NoGesture,0.1674950831378844,0.1674950831378844,0.8325049168621156
4.266666666666667,0.3348207473754883,0.27985992182152586,0.05496083054318035,0.6651792526245117,NoGesture,0.6651792526245117,NoGesture,0.18648143861082245,0.18648143861082245,0.8135185613891776
4.3,0.4045189917087555,0.3197753914235957,0.08474358822955441,0.5954810082912445,NoGesture,0.5954810082912445,NoGesture,0.12326506289963371,0.12326506289963371,0.8767349371003662
4.333333333333333,0.48595088720321655,0.3580501271436809,0.12790077454200066,0.5140491127967834,NoGesture,0.5140491127967834,NoGesture,0.12124756259107654,0.12124756259107654,0.8787524374089234
4.366666666666666,0.534446120262146,0.35295604004674175,0.18149006428766867,0.465553879737854,NoGesture,0.465553879737854,NoGesture,0.11029112033393858,0.11029112033393858,0.8897088796660614
4.4,0.5117394924163818,0.3176733672862042,0.19406612513017762,0.48826050758361816,NoGesture,0.48826050758361816,NoGesture,0.14068801230760192,0.14068801230760192,0.8593119876923981
4.433333333333334,0.5599499940872192,0.310280828087393,0.2496691826876365,0.44005000591278076,NoGesture,0.44005000591278076,NoGesture,0.2516402151678724,0.2516402151678724,0.7483597848321275
4.466666666666667,0.6473896503448486,0.34267825871670254,0.30471141092186116,0.35261034965515137,NoGesture,0.35261034965515137,NoGesture,0.23191374832607153,0.23191374832607153,0.7680862516739285
4.5,0.6780039072036743,0.3486953004115634,0.3293085865860199,0.3219960927963257,NoGesture,0.3219960927963257,NoGesture,0.22760651664230855,0.22760651664230855,0.7723934833576914
4.533333333333333,0.6981940269470215,0.339684520338011,0.3585094649934035,0.3018059730529785,NoGesture,0.3018059730529785,NoGesture,0.2598945324501225,0.2598945324501225,0.7401054675498775
4.566666666666666,0.7232849597930908,0.3489865140612949,0.37429840262065284,0.2767150402069092,NoGesture,0.2767150402069092,NoGesture,0.2787794942921879,0.2787794942921879,0.7212205057078122
4.6,0.7291251420974731,0.349514025169384,0.3796111603873342,0.27087485790252686,NoGesture,0.27087485790252686,NoGesture,0.2865237854741394,0.2865237854741394,0.7134762145258605
4.633333333333334,0.7194193601608276,0.32115841956421676,0.3982609620369786,0.28058063983917236,NoGesture,0.28058063983917236,NoGesture,0.19999063014382598,0.19999063014382598,0.800009369856174
4.666666666666667,0.7268714904785156,0.3132319795446392,0.4136394892714179,0.2731285095214844,NoGesture,0.2731285095214844,NoGesture,0.21430110849044492,0.21430110849044492,0.7856988915095551
4.7,0.7466540336608887,0.32068869642512254,0.42596533723576613,0.25334596633911133,NoGesture,0.25334596633911133,NoGesture,0.2814224097949403,0.2814224097949403,0.7185775902050596
4.733333333333333,0.7615083456039429,0.3281588706211558,0.43334945228806987,0.23849165439605713,NoGesture,0.23849165439605713,NoGesture,0.3081780995748178,0.3081780995748178,0.6918219004251822
4.766666666666667,0.7726057171821594,0.3232481619184231,0.4493576243400703,0.22739428281784058,NoGesture,0.22739428281784058,NoGesture,0.2833342724371871,0.2833342724371871,0.7166657275628128
4.8,0.791517972946167,0.30961319863649805,0.48190477430966894,0.208482027053833,NoGesture,0.208482027053833,NoGesture,0.2463145847110122,0.2463145847110122,0.7536854152889878
4.833333333333333,0.8210347890853882,0.3155382474922277,0.5054965415931605,0.17896521091461182,NoGesture,0.17896521091461182,NoGesture,0.21359421143082155,0.21359421143082155,0.7864057885691784
4.866666666666666,0.8324786424636841,0.31629868631025815,0.5161799809632228,0.16752135753631592,NoGesture,0.16752135753631592,NoGesture,0.42317593453156643,0.42317593453156643,0.5768240654684336
4.9,0.8410049676895142,0.30792634255587004,0.533078600069743,0.15899503231048584,NoGesture,0.15899503231048584,NoGesture,0.47312872350748997,0.47312872350748997,0.5268712764925101
4.933333333333334,0.8431391716003418,0.2728876989227871,0.5702514475500493,0.1568608283996582,NoGesture,0.1568608283996582,NoGesture,0.5223291151825222,0.5223291151825222,0.4776708848174779
4.966666666666667,0.8564183115959167,0.26483579837646154,0.5915825387427098,0.14358168840408325,NoGesture,0.14358168840408325,NoGesture,0.5000039462251763,0.5000039462251763,0.4999960537748236
5.0,0.8639923334121704,0.25444707536897226,0.6095452580431981,0.1360076665878296,NoGesture,0.1360076665878296,NoGesture,0.48931589761230293,0.48931589761230293,0.5106841023876971
5.033333333333333,0.8613007068634033,0.24065785696233633,0.6206428755698283,0.13869929313659668,NoGesture,0.13869929313659668,NoGesture,0.4605903432511909,0.4605903432511909,0.539409656748809
5.066666666666666,0.8498046398162842,0.22411696799415637,0.6256875958436723,0.15019536018371582,NoGesture,0.15019536018371582,NoGesture,0.5108643058958746,0.5108643058958746,0.4891356941041253
5.1,0.8399516344070435,0.21787017019372357,0.6220815393108481,0.16004836559295654,NoGesture,0.16004836559295654,NoGesture,0.6156568628841815,0.6156568628841815,0.3843431371158186
5.133333333333334,0.8398065567016602,0.21495865287485572,0.6248479288549902,0.16019344329833984,NoGesture,0.16019344329833984,NoGesture,0.5682700781011135,0.5682700781011135,0.4317299218988864
5.166666666666667,0.8398734927177429,0.2202371048891969,0.6196363377681848,0.16012650728225708,NoGesture,0.16012650728225708,NoGesture,0.5336513750934055,0.5336513750934055,0.4663486249065944
5.2,0.805735170841217,0.23363978036053723,0.5720953904806798,0.19426482915878296,NoGesture,0.19426482915878296,NoGesture,0.4444665202381389,0.4444665202381389,0.5555334797618612
5.233333333333333,0.788415789604187,0.2788265834085628,0.5095891357057596,0.211584210395813,NoGesture,0.211584210395813,NoGesture,0.3308023386443751,0.3308023386443751,0.669197661355625
5.266666666666667,0.7787078619003296,0.2961838743099854,0.48252396438304146,0.2212921380996704,NoGesture,0.2212921380996704,NoGesture,0.2936521798892872,0.2936521798892872,0.7063478201107128
5.3,0.7696000337600708,0.30926094100509616,0.4603390239473697,0.2303999662399292,NoGesture,0.2303999662399292,NoGesture,0.2537354532891006,0.2537354532891006,0.7462645467108994
5.333333333333333,0.7735837697982788,0.3293819140208534,0.44420187883201834,0.2264162302017212,NoGesture,0.2264162302017212,NoGesture,0.34947521694248224,0.34947521694248224,0.6505247830575178
5.366666666666666,0.767210066318512,0.35045105113170827,0.41675903805144543,0.23278993368148804,NoGesture,0.23278993368148804,NoGesture,0.3766254136417035,0.3766254136417035,0.6233745863582965
5.4,0.7659296989440918,0.35864046896342927,0.40728925280714634,0.2340703010559082,NoGesture,0.2340703010559082,NoGesture,0.3823381961372732,0.3823381961372732,0.6176618038627267
5.433333333333334,0.7766422033309937,0.40477128923046024,0.37187086780905076,0.22335779666900635,NoGesture,0.22335779666900635,NoGesture,0.3989182354260645,0.3989182354260645,0.6010817645739356
5.466666666666667,0.7980268001556396,0.43837363760034975,0.35965311498918595,0.20197319984436035,NoGesture,0.20197319984436035,NoGesture,0.4099859452207815,0.4099859452207815,0.5900140547792185
5.5,0.8076738715171814,0.45824250873303995,0.34943131464302724,0.1923261284828186,NoGesture,0.1923261284828186,NoGesture,0.4191696690142389,0.4191696690142389,0.5808303309857611
5.533333333333333,0.8182960748672485,0.4671118401487462,0.35118423471850235,0.18170392513275146,NoGesture,0.18170392513275146,NoGesture,0.5047493309870709,0.5047493309870709,0.49525066901292913
5.566666666666666,0.8142330646514893,0.4701781853306244,0.34405490358690116,0.18576693534851074,NoGesture,0.18576693534851074,NoGesture,0.5528950354076001,0.5528950354076001,0.44710496459239985
5.6,0.8225003480911255,0.4923307408807531,0.3301696317227929,0.1774996519088745,NoGesture,0.1774996519088745,NoGesture,0.5893923982212266,0.5893923982212266,0.4106076017787734
5.633333333333334,0.8205273747444153,0.4990448583240159,0.32148249196677803,0.17947262525558472,NoGesture,0.17947262525558472,NoGesture,0.6092382265182925,0.6092382265182925,0.39076177348170743
5.666666666666667,0.8331203460693359,0.5114450373065438,0.32167530876279216,0.16687965393066406,NoGesture,0.16687965393066406,NoGesture,0.5346116893126407,0.5346116893126407,0.4653883106873592
5.7,0.8288533687591553,0.5238889559737174,0.30496438808368254,0.17114663124084473,NoGesture,0.17114663124084473,NoGesture,0.5053014268675634,0.5053014268675634,0.49469857313243654
5.733333333333333,0.8407055139541626,0.5402501913348701,0.30045529756431577,0.1592944860458374,NoGesture,0.1592944860458374,NoGesture,0.5084403243114342,0.5084403243114342,0.4915596756885658
5.766666666666667,0.8416672348976135,0.5457083968970551,0.2959588630841967,0.15833276510238647,NoGesture,0.15833276510238647,NoGesture,0.6226203117122988,0.6226203117122988,0.3773796882877012
5.8,0.8564351201057434,0.5537310874149846,0.30270403269075885,0.1435648798942566,NoGesture,0.1435648798942566,NoGesture,0.6483027724359949,0.6483027724359949,0.3516972275640051
5.833333333333333,0.8564428091049194,0.547539498901557,0.3089033102033625,0.14355719089508057,NoGesture,0.14355719089508057,NoGesture,0.6567013890914334,0.6567013890914334,0.3432986109085665
5.866666666666666,0.8801394701004028,0.5568864563966258,0.323253013703777,0.11986052989959717,NoGesture,0.11986052989959717,NoGesture,0.6735436290434114,0.6735436290434114,0.32645637095658875
5.9,0.8820165395736694,0.5548615911589465,0.3271548958424404,0.11798346042633057,NoGesture,0.11798346042633057,NoGesture,0.6207883241115986,0.6207883241115986,0.37921167588840143
5.933333333333334,0.8860728740692139,0.5237651027020291,0.3623077713671847,0.11392712593078613,NoGesture,0.11392712593078613,NoGesture,0.5133250874574394,0.5133250874574394,0.4866749125425607
5.966666666666667,0.8776050209999084,0.4899678931710518,0.3876370755195211,0.12239497900009155,NoGesture,0.12239497900009155,NoGesture,0.6411632759436973,0.6411632759436973,0.3588367240563027
6.0,0.877458393573761,0.46567556208345096,0.4117827791897142,0.12254160642623901,NoGesture,0.12254160642623901,NoGesture,0.7321873866134248,0.7321873866134248,0.26781261338657525
6.033333333333333,0.8695212006568909,0.4489019416382334,0.42061923310490634,0.13047879934310913,NoGesture,0.13047879934310913,NoGesture,0.8169150476278421,0.8169150476278421,0.183084952372158
6.066666666666666,0.8465105295181274,0.4293032187897694,0.41720733595633774,0.15348947048187256,NoGesture,0.15348947048187256,NoGesture,0.7861151203138872,0.7861151203138872,0.21388487968611283
6.1,0.8366474509239197,0.40873795958547454,0.4279094664044081,0.16335254907608032,NoGesture,0.16335254907608032,NoGesture,0.8400567152052677,0.8400567152052677,0.15994328479473233
6.133333333333334,0.8124967813491821,0.39376548779822684,0.4187312935509553,0.18750321865081787,NoGesture,0.18750321865081787,NoGesture,0.8463584433966226,0.8463584433966226,0.1536415566033774
6.166666666666667,0.7967166900634766,0.3883296122650677,0.40838710154241653,0.20328330993652344,NoGesture,0.20328330993652344,NoGesture,0.869378523573708,0.869378523573708,0.13062147642629185
6.2,0.7758176326751709,0.3751773537077341,0.4006402558462696,0.2241823673248291,NoGesture,0.2241823673248291,NoGesture,0.8306594892196563,0.8306594892196563,0.1693405107803438
6.233333333333333,0.7812313437461853,0.3823667955716683,0.39886457145702536,0.2187686562538147,NoGesture,0.2187686562538147,NoGesture,0.8343996155016042,0.8343996155016042,0.16560038449839581
6.266666666666667,0.7813470363616943,0.3808739494861868,0.40047308687550753,0.21865296363830566,NoGesture,0.21865296363830566,NoGesture,0.8029183576062238,0.8029183576062238,0.19708164239377626
6.3,0.763434648513794,0.36681709376860283,0.3966175547451911,0.23656535148620605,NoGesture,0.23656535148620605,NoGesture,0.8247684899939038,0.8247684899939038,0.17523151000609613
6.333333333333333,0.753004252910614,0.36594341656531526,0.38706079146274774,0.246995747089386,NoGesture,0.246995747089386,NoGesture,0.8137009590302616,0.8137009590302616,0.1862990409697383
6.366666666666666,0.7402514219284058,0.3672095055964455,0.37304189427074874,0.25974857807159424,NoGesture,0.25974857807159424,NoGesture,0.8677145839080181,0.8677145839080181,0.1322854160919819
6.4,0.7194329500198364,0.3604410016014299,0.35899194841840654,0.2805670499801636,NoGesture,0.2805670499801636,NoGesture,0.894361928396878,0.894361928396878,0.10563807160312204
6.433333333333334,0.6923521757125854,0.3538578915865642,0.3384942841260212,0.30764782428741455,NoGesture,0.30764782428741455,NoGesture,0.9335856373093573,0.9335856373093573,0.06641436269064269
6.466666666666667,0.6501220464706421,0.34623197491377056,0.3038900521817247,0.3498779535293579,NoGesture,0.3498779535293579,NoGesture,0.9429845281125285,0.9429845281125285,0.05701547188747145
6.5,0.6150239706039429,0.34920546937502905,0.26581851955805647,0.38497602939605713,NoGesture,0.38497602939605713,NoGesture,0.9451334419297209,0.9451334419297209,0.0548665580702791
6.533333333333333,0.6008848547935486,0.3627467623084968,0.23813811039281596,0.3991151452064514,NoGesture,0.3991151452064514,NoGesture,0.8970591015430045,0.8970591015430045,0.1029408984569955
6.566666666666666,0.6371207237243652,0.3988419699898884,0.2382786967714452,0.36287927627563477,NoGesture,0.36287927627563477,NoGesture,0.8838957811392615,0.8838957811392615,0.1161042188607385
6.6,0.6761186718940735,0.44450097593237103,0.23161773626151572,0.3238813281059265,NoGesture,0.3238813281059265,NoGesture,0.8471175967296736,0.8471175967296736,0.15288240327032637
6.633333333333334,0.6929165124893188,0.4712092118046485,0.22170728003414908,0.30708348751068115,NoGesture,0.30708348751068115,NoGesture,0.8187486848720124,0.8187486848720124,0.18125131512798764
6.666666666666667,0.7037243843078613,0.4899886708431893,0.213735734437293,0.29627561569213867,NoGesture,0.29627561569213867,NoGesture,0.796364296425276,0.796364296425276,0.20363570357472413
6.7,0.7007181644439697,0.5015243516130141,0.1991938128309556,0.2992818355560303,NoGesture,0.2992818355560303,NoGesture,0.8450156900306992,0.8450156900306992,0.1549843099693008
6.733333333333333,0.721626341342926,0.5223811078154803,0.1992452550335866,0.278373658657074,NoGesture,0.278373658657074,NoGesture,0.8751995583675869,0.8751995583675869,0.12480044163241308
6.766666666666667,0.7223450541496277,0.5203675859994696,0.2019774035674775,0.2776549458503723,NoGesture,0.2776549458503723,NoGesture,0.867560017511802,0.867560017511802,0.13243998248819802
6.8,0.7103484869003296,0.5104024214170977,0.19994608665326652,0.2896515130996704,NoGesture,0.2896515130996704,NoGesture,0.8271399664383533,0.8271399664383533,0.17286003356164667
6.833333333333333,0.6685115098953247,0.4763107291474924,0.19220080067102785,0.3314884901046753,NoGesture,0.3314884901046753,NoGesture,0.7835818253837872,0.7835818253837872,0.21641817461621282
6.866666666666666,0.5921950340270996,0.41767203561238375,0.17452301606350318,0.4078049659729004,NoGesture,0.4078049659729004,NoGesture,0.7576667805847976,0.7576667805847976,0.2423332194152023
6.9,0.5549536943435669,0.39605417540843035,0.15889950239622763,0.4450463056564331,NoGesture,0.4450463056564331,NoGesture,0.6905382096518886,0.6905382096518886,0.3094617903481114
6.933333333333334,0.5400122404098511,0.4045380878954745,0.13547415251437656,0.4599877595901489,NoGesture,0.4599877595901489,NoGesture,0.8213164009724989,0.8213164009724989,0.178683599027501
6.966666666666667,0.5557378530502319,0.4283604153381475,0.12737746255550242,0.44426214694976807,NoGesture,0.44426214694976807,NoGesture,0.860564665134834,0.860564665134834,0.13943533486516588
7.0,0.5632497072219849,0.4491669739273263,0.11408269972235985,0.43675029277801514,NoGesture,0.43675029277801514,NoGesture,0.8726689804168782,0.8726689804168782,0.12733101958312176
7.033333333333333,0.5502225160598755,0.4462965383249937,0.10392600233174498,0.4497774839401245,NoGesture,0.4497774839401245,NoGesture,0.8571154638656633,0.8571154638656633,0.14288453613433674
7.066666666666666,0.5224594473838806,0.4355208793948684,0.08693858355951711,0.4775405526161194,NoGesture,0.4775405526161194,NoGesture,0.8923965741197909,0.8923965741197909,0.10760342588020917
7.1,0.5322306156158447,0.4515986361585931,0.08063196359554325,0.4677693843841553,NoGesture,0.4677693843841553,NoGesture,0.9127742675978052,0.9127742675978052,0.08722573240219475
7.133333333333334,0.5067132711410522,0.43028886428862023,0.07642436909935135,0.49328672885894775,NoGesture,0.49328672885894775,NoGesture,0.9148338951347876,0.9148338951347876,0.08516610486521232
7.166666666666667,0.4609595835208893,0.38891335521327086,0.0720462145699523,0.5390404164791107,NoGesture,0.5390404164791107,NoGesture,0.9258467260704903,0.9258467260704903,0.07415327392950967
7.2,0.4521031379699707,0.3801647186715513,0.0719384058246959,0.5478968620300293,NoGesture,0.5478968620300293,NoGesture,0.9140178466949105,0.9140178466949105,0.08598215330508958
7.233333333333333,0.42772242426872253,0.35779138385292164,0.06993101492155773,0.5722775757312775,NoGesture,0.5722775757312775,NoGesture,0.9043854940060624,0.9043854940060624,0.09561450599393767
7.266666666666667,0.4317706227302551,0.3578636490500777,0.07390695437852646,0.5682293772697449,NoGesture,0.5682293772697449,NoGesture,0.8816822839373367,0.8816822839373367,0.11831771606266323
7.3,0.4158555567264557,0.3458728283189867,0.06998272221073831,0.5841444432735443,NoGesture,0.5841444432735443,NoGesture,0.8681126895750747,0.8681126895750747,0.13188731042492524
7.333333333333333,0.3956357538700104,0.3301285888738086,0.06550715320533751,0.6043642461299896,NoGesture,0.6043642461299896,NoGesture,0.8920199013537617,0.8920199013537617,0.10798009864623834
7.366666666666666,0.3427419662475586,0.2848524146937166,0.0578895566610953,0.6572580337524414,NoGesture,0.6572580337524414,NoGesture,0.9029125227826843,0.9029125227826843,0.09708747721731568
7.4,0.29404354095458984,0.23966557038642122,0.054377979331349025,0.7059564590454102,NoGesture,0.7059564590454102,NoGesture,0.9112428046132124,0.9112428046132124,0.08875719538678768
7.433333333333334,0.26880231499671936,0.21705322430031515,0.051749086690937585,0.7311976850032806,NoGesture,0.7311976850032806,NoGesture,0.9287851267246835,0.9287851267246835,0.07121487327531653
7.466666666666667,0.25175967812538147,0.19988320623950884,0.05187647188587263,0.7482403218746185,NoGesture,0.7482403218746185,NoGesture,0.9212479644394596,0.9212479644394596,0.0787520355605404
7.5,0.24044862389564514,0.18686524405928218,0.05358337267043556,0.7595513761043549,NoGesture,0.7595513761043549,NoGesture,0.9142300133605404,0.9142300133605404,0.08576998663945953
7.533333333333333,0.24202242493629456,0.18469347901182154,0.05732893510522752,0.7579775750637054,NoGesture,0.7579775750637054,NoGesture,0.9051349760419745,0.9051349760419745,0.09486502395802546
7.566666666666666,0.2326202243566513,0.17728526221469476,0.055334962141956545,0.7673797756433487,NoGesture,0.7673797756433487,NoGesture,0.9119754266952813,0.9119754266952813,0.08802457330471879
7.6,0.23763126134872437,0.179010507102646,0.05862076486902357,0.7623687386512756,NoGesture,0.7623687386512756,NoGesture,0.8979926689239768,0.8979926689239768,0.10200733107602317
7.633333333333334,0.24756088852882385,0.18341160092645303,0.06414928760237082,0.7524391114711761,NoGesture,0.7524391114711761,NoGesture,0.8892247767847842,0.8892247767847842,0.1107752232152158
7.666666666666667,0.23103290796279907,0.16681513801216497,0.0642177561799997,0.7689670920372009,NoGesture,0.7689670920372009,NoGesture,0.8962992777039561,0.8962992777039561,0.10370072229604393
7.7,0.21693746745586395,0.1522170109051144,0.06472046301598988,0.783062532544136,NoGesture,0.783062532544136,NoGesture,0.8650441287793643,0.8650441287793643,0.13495587122063574
7.733333333333333,0.2207137793302536,0.1490588163648221,0.0716549563876483,0.7792862206697464,NoGesture,0.7792862206697464,NoGesture,0.7620234526160286,0.7620234526160286,0.2379765473839715
7.766666666666667,0.2301320880651474,0.15051998917916354,0.07961209888598386,0.7698679119348526,NoGesture,0.7698679119348526,NoGesture,0.7513373661179366,0.7513373661179366,0.24866263388206336
7.8,0.23244215548038483,0.1493990007785273,0.08304315470185752,0.7675578445196152,NoGesture,0.7675578445196152,NoGesture,0.6823415669130646,0.6823415669130646,0.3176584330869354
7.833333333333333,0.23887622356414795,0.15319507219962247,0.08568114424545925,0.761123776435852,NoGesture,0.761123776435852,NoGesture,0.6887507466603469,0.6887507466603469,0.3112492533396532
7.866666666666666,0.24625883996486664,0.15746086857917696,0.08879797138568968,0.7537411600351334,NoGesture,0.7537411600351334,NoGesture,0.6871820675186786,0.6871820675186786,0.3128179324813214
7.9,0.23890936374664307,0.15289185042350084,0.0860175204431961,0.7610906362533569,NoGesture,0.7610906362533569,NoGesture,0.6606404313492922,0.6606404313492922,0.3393595686507078
7.933333333333334,0.23414559662342072,0.14898842658681133,0.08515716305852683,0.7658544033765793,NoGesture,0.7658544033765793,NoGesture,0.6005171906060113,0.6005171906060113,0.3994828093939888
7.966666666666667,0.2614230215549469,0.16458479478625243,0.09683823455970764,0.7385769784450531,NoGesture,0.7385769784450531,NoGesture,0.6508118412987938,0.6508118412987938,0.34918815870120623
8.0,0.2657115161418915,0.16886296641173537,0.09684855764897637,0.7342884838581085,NoGesture,0.7342884838581085,NoGesture,0.6980942984075739,0.6980942984075739,0.30190570159242625
8.033333333333333,0.2745269238948822,0.17233515445242098,0.102191785805541,0.7254730761051178,NoGesture,0.7254730761051178,NoGesture,0.8488582330178291,0.8488582330178291,0.15114176698217074
8.066666666666666,0.271355003118515,0.17268855677253647,0.09866645443298783,0.728644996881485,NoGesture,0.728644996881485,NoGesture,0.8727013675872253,0.8727013675872253,0.12729863241277473
8.1,0.2592506408691406,0.1694887075286715,0.08976193334046911,0.7407493591308594,NoGesture,0.7407493591308594,NoGesture,0.9038120765285802,0.9038120765285802,0.09618792347141973
8.133333333333333,0.2526393234729767,0.17056012734555104,0.08207920365666421,0.7473606765270233,NoGesture,0.7473606765270233,NoGesture,0.8911501207991218,0.8911501207991218,0.10884987920087823
8.166666666666666,0.27509114146232605,0.18844538496179908,0.08664575650052697,0.724908858537674,NoGesture,0.724908858537674,NoGesture,0.8462096142959405,0.8462096142959405,0.15379038570405934
8.2,0.2951454222202301,0.20261344831365946,0.09253200029462771,0.7048545777797699,NoGesture,0.7048545777797699,NoGesture,0.8558119214253394,0.8558119214253394,0.14418807857466057
8.233333333333333,0.31072357296943665,0.21686274094476943,0.09386084128495131,0.6892764270305634,NoGesture,0.6892764270305634,NoGesture,0.7804471259356024,0.7804471259356024,0.21955287406439766
8.266666666666667,0.341320663690567,0.24007792111665793,0.10124275274605754,0.658679336309433,NoGesture,0.658679336309433,NoGesture,0.7982593662390478,0.7982593662390478,0.20174063376095225
8.3,0.3710498809814453,0.26551980555109367,0.10553006437220347,0.6289501190185547,NoGesture,0.6289501190185547,NoGesture,0.8217261054788407,0.8217261054788407,0.17827389452115927
8.333333333333334,0.41761118173599243,0.30233346018725626,0.1152777091029531,0.5823888182640076,NoGesture,0.5823888182640076,NoGesture,0.8789375422495249,0.8789375422495249,0.12106245775047508
8.366666666666667,0.43871694803237915,0.3378743821868113,0.10084256584556783,0.5612830519676208,NoGesture,0.5612830519676208,NoGesture,0.9057526102564544,0.9057526102564544,0.09424738974354563
8.4,0.4402243494987488,0.3515604970240709,0.0886638524746779,0.5597756505012512,NoGesture,0.5597756505012512,NoGesture,0.8961795820775521,0.8961795820775521,0.10382041792244777
8.433333333333334,0.45111000537872314,0.36696201194626354,0.08414800687658541,0.5488899946212769,NoGesture,0.5488899946212769,NoGesture,0.8962266026357265,0.8962266026357265,0.10377339736427352
8.466666666666667,0.47895026206970215,0.39130060922917664,0.08764962429286527,0.5210497379302979,NoGesture,0.5210497379302979,NoGesture,0.8615115560898486,0.8615115560898486,0.13848844391015133
8.5,0.4932279586791992,0.4100052717032554,0.08322270902495177,0.5067720413208008,NoGesture,0.5067720413208008,NoGesture,0.8737783443358492,0.8737783443358492,0.1262216556641508
8.533333333333333,0.5105530619621277,0.4269484801508945,0.08360458941906668,0.4894469380378723,NoGesture,0.4894469380378723,NoGesture,0.9007483589488964,0.9007483589488964,0.09925164105110369
8.566666666666666,0.5223993062973022,0.4391695295247331,0.08322976898821288,0.47760069370269775,NoGesture,0.47760069370269775,NoGesture,0.8528869972239235,0.8528869972239235,0.14711300277607647
8.6,0.5282673835754395,0.4534089200100766,0.07485845569356542,0.47173261642456055,NoGesture,0.47173261642456055,NoGesture,0.8259295233886595,0.8259295233886595,0.17407047661134037
8.633333333333333,0.5303120017051697,0.4612856570275028,0.06902630516634378,0.4696879982948303,NoGesture,0.4696879982948303,NoGesture,0.7302835807758391,0.7302835807758391,0.26971641922416084
8.666666666666666,0.5240914821624756,0.4545738615857715,0.06951759714798911,0.4759085178375244,NoGesture,0.4759085178375244,NoGesture,0.5520280178184213,0.5520280178184213,0.4479719821815788
8.7,0.5315464735031128,0.4650761073417442,0.06647032655807017,0.4684535264968872,NoGesture,0.4684535264968872,NoGesture,0.26510644412207407,0.26510644412207407,0.734893555877926
8.733333333333333,0.5571199655532837,0.4878758297627783,0.06924415239397419,0.4428800344467163,NoGesture,0.4428800344467163,NoGesture,0.17314272042204407,0.17314272042204407,0.826857279577956
8.766666666666667,0.605492115020752,0.535428661374624,0.07006344913486018,0.39450788497924805,NoGesture,0.39450788497924805,NoGesture,0.08980133938060224,0.08980133938060224,0.9101986606193977
8.8,0.6649718284606934,0.5926499685041904,0.07232186491092918,0.33502817153930664,NoGesture,0.33502817153930664,NoGesture,0.056275478329702304,0.056275478329702304,0.9437245216702976
8.833333333333334,0.742719292640686,0.6595049027084627,0.08321439546591325,0.25728070735931396,NoGesture,0.25728070735931396,NoGesture,0.050270914921083494,0.050270914921083494,0.9497290850789164
8.866666666666667,0.7966140508651733,0.7068192301437222,0.08979483852716275,0.20338594913482666,NoGesture,0.20338594913482666,Gesture,0.9517279175997355,0.04827208240026448,0.9517279175997355
8.9,0.8370544910430908,0.7432820957515816,0.09377243271076097,0.16294550895690918,NoGesture,0.16294550895690918,NoGesture,0.1162801490310724,0.1162801490310724,0.8837198509689276
8.933333333333334,0.8692108988761902,0.7689861160558173,0.10022475043974355,0.13078910112380981,NoGesture,0.13078910112380981,NoGesture,0.13637071399817885,0.13637071399817885,0.8636292860018211
8.966666666666667,0.8976686000823975,0.7664868607363928,0.13118175272230914,0.10233139991760254,NoGesture,0.10233139991760254,NoGesture,0.17218355078981698,0.17218355078981698,0.827816449210183
9.0,0.9079165458679199,0.7374149684963527,0.17050160442958884,0.09208345413208008,Gesture,0.7374149684963527,NoGesture,0.19300645465292102,0.19300645465292102,0.806993545347079
9.033333333333333,0.902758777141571,0.6896580390919738,0.2131007649539054,0.09724122285842896,Gesture,0.6896580390919738,NoGesture,0.12366313531069305,0.12366313531069305,0.8763368646893069
9.066666666666666,0.9042885899543762,0.6601804913299958,0.24410812557428052,0.09571141004562378,Gesture,0.6601804913299958,NoGesture,0.09845161798989277,0.09845161798989277,0.9015483820101073
9.1,0.8929457664489746,0.6424177471633072,0.250528045897525,0.10705423355102539,NoGesture,0.10705423355102539,NoGesture,0.09277709715499481,0.09277709715499481,0.9072229028450052
9.133333333333333,0.8972114324569702,0.6382269351124847,0.25898452408346984,0.10278856754302979,NoGesture,0.10278856754302979,Gesture,0.9773938132778267,0.02260618672217328,0.9773938132778267
9.166666666666666,0.91825270652771,0.612605580023839,0.30564715386993413,0.08174729347229004,Gesture,0.612605580023839,Gesture,0.9749672329660308,0.025032767033969148,0.9749672329660308
9.2,0.9414108991622925,0.5625878670001256,0.37882303216216684,0.05858910083770752,Gesture,0.5625878670001256,Gesture,0.9685064349277859,0.031493565072214035,0.9685064349277859
9.233333333333333,0.9529206156730652,0.5120372946191054,0.4408833494532072,0.047079384326934814,Gesture,0.5120372946191054,Gesture,0.9835227314891432,0.016477268510856895,0.9835227314891432
9.266666666666667,0.9413660764694214,0.4534141560392406,0.48795194848507606,0.05863392353057861,Move,0.48795194848507606,Gesture,0.9815776366940534,0.018422363305946717,0.9815776366940534
9.3,0.9243788123130798,0.39805885522603823,0.526319984635677,0.07562118768692017,Move,0.526319984635677,Gesture,0.9742347920149859,0.02576520798501421,0.9742347920149859
9.333333333333334,0.9555127024650574,0.3950911859477735,0.5604215165172839,0.04448729753494263,Move,0.5604215165172839,Gesture,0.9858325104871948,0.014167489512805238,0.9858325104871948
9.366666666666667,0.9652990102767944,0.4160514339298693,0.5492475475787728,0.034700989723205566,Move,0.5492475475787728,Gesture,0.9846632678668334,0.015336732133166657,0.9846632678668334
9.4,0.9732685089111328,0.409668020733875,0.5636005461885816,0.026731491088867188,Move,0.5636005461885816,Gesture,0.990539363729419,0.009460636270581059,0.990539363729419
9.433333333333334,0.9785591959953308,0.42299040060068194,0.5555688537213221,0.02144080400466919,Move,0.5555688537213221,Gesture,0.986484961246436,0.013515038753564,0.986484961246436
9.466666666666667,0.9747616648674011,0.4359601294670945,0.5388015935006294,0.025238335132598877,Move,0.5388015935006294,Gesture,0.9830058398768492,0.01699416012315092,0.9830058398768492
9.5,0.9670501947402954,0.40771975964844387,0.5593304350918515,0.03294980525970459,Move,0.5593304350918515,Gesture,0.985980246964079,0.014019753035920946,0.985980246964079
9.533333333333333,0.9504579901695251,0.38372280062863773,0.5667352178667429,0.049542009830474854,Move,0.5667352178667429,Gesture,0.977418858060694,0.022581141939306038,0.977418858060694
9.566666666666666,0.9382346868515015,0.3753251134095237,0.562909629365123,0.061765313148498535,Move,0.562909629365123,Gesture,0.9782724639079323,0.02172753609206774,0.9782724639079323
9.6,0.9293803572654724,0.3476576206060322,0.5817227366594402,0.07061964273452759,Move,0.5817227366594402,Gesture,0.9842475151471836,0.015752484852816353,0.9842475151471836
9.633333333333333,0.9450770020484924,0.3621571872202427,0.5829198993247182,0.05492299795150757,Move,0.5829198993247182,Gesture,0.9858049054028049,0.014195094597195045,0.9858049054028049
9.666666666666666,0.9446569681167603,0.398109931386486,0.5465470367302743,0.055343031883239746,Move,0.5465470367302743,Gesture,0.9910332236880315,0.008966776311968442,0.9910332236880315
9.7,0.9455481767654419,0.4561830228210404,0.4893650694058067,0.054451823234558105,Move,0.4893650694058067,Gesture,0.9901326835002185,0.00986731649978147,0.9901326835002185
9.733333333333333,0.9521284699440002,0.5253283179345303,0.42680015200946997,0.047871530055999756,Gesture,0.5253283179345303,Gesture,0.9884062361439027,0.011593763856097384,0.9884062361439027
9.766666666666667,0.9592608213424683,0.5791075132056847,0.3801533653131841,0.04073917865753174,Gesture,0.5791075132056847,Gesture,0.9870406193816538,0.012959380618346282,0.9870406193816538
9.8,0.9506857991218567,0.577371982956496,0.37331381616536063,0.04931420087814331,Gesture,0.577371982956496,Gesture,0.9743444168814569,0.02565558311854315,0.9743444168814569
9.833333333333334,0.9416439533233643,0.5908553113319925,0.35078861392819505,0.05835604667663574,Gesture,0.5908553113319925,Gesture,0.965707289980802,0.034292710019197904,0.965707289980802
9.866666666666667,0.9327082633972168,0.5956499492286298,0.33705834196545936,0.0672917366027832,Gesture,0.5956499492286298,NoGesture,0.08994773489858114,0.08994773489858114,0.9100522651014188
9.9,0.9185181260108948,0.5963439794913654,0.32217417389350267,0.08148187398910522,Gesture,0.5963439794913654,NoGesture,0.05936226245789286,0.05936226245789286,0.9406377375421071
9.933333333333334,0.8930431604385376,0.5941175652869646,0.29892556853681285,0.1069568395614624,NoGesture,0.1069568395614624,NoGesture,0.05302252813879641,0.05302252813879641,0.9469774718612037
9.966666666666667,0.853203535079956,0.5958052033812322,0.257398306271277,0.14679646492004395,NoGesture,0.14679646492004395,Gesture,0.9599613066622747,0.040038693337725244,0.9599613066622747
10.0,0.8010672926902771,0.5685825279147387,0.23248476477553837,0.1989327073097229,NoGesture,0.1989327073097229,Gesture,0.9671758912793503,0.03282410872064962,0.9671758912793503
10.033333333333333,0.7833871841430664,0.5749713810911885,0.2084158030518779,0.2166128158569336,NoGesture,0.2166128158569336,Gesture,0.966488927967959,0.03351107203204082,0.966488927967959
10.066666666666666,0.7483301162719727,0.5627243794095307,0.18560575916441735,0.25166988372802734,NoGesture,0.25166988372802734,Gesture,0.9619322201691531,0.038067779830847005,0.9619322201691531
10.1,0.7381874322891235,0.5772220524749372,0.1609653468146366,0.26181256771087646,NoGesture,0.26181256771087646,Gesture,0.9584669292261466,0.04153307077385329,0.9584669292261466
10.133333333333333,0.8010465502738953,0.6250059815312561,0.17604061648873426,0.19895344972610474,NoGesture,0.19895344972610474,Gesture,0.9682359532272306,0.03176404677276943,0.9682359532272306
10.166666666666666,0.8343685269355774,0.6741393571068919,0.1602291698286855,0.1656314730644226,NoGesture,0.1656314730644226,Gesture,0.9704787252370276,0.029521274762972362,0.9704787252370276
10.2,0.842292308807373,0.697722228594273,0.14457008021310003,0.15770769119262695,NoGesture,0.15770769119262695,Gesture,0.9717385550862045,0.028261444913795397,0.9717385550862045
10.233333333333333,0.8551759719848633,0.7183592628429096,0.13681669639883864,0.14482402801513672,NoGesture,0.14482402801513672,Gesture,0.9729063130638773,0.027093686936122647,0.9729063130638773
10.266666666666667,0.8564833998680115,0.730866005402671,0.1256174582783265,0.14351660013198853,NoGesture,0.14351660013198853,Gesture,0.9702738647103112,0.029726135289688795,0.9702738647103112
10.3,0.8452444076538086,0.7310251301731228,0.11421923969531633,0.1547555923461914,NoGesture,0.1547555923461914,Gesture,0.9576318683700714,0.04236813162992861,0.9576318683700714
10.333333333333334,0.8354967832565308,0.728457413052972,0.10703938265343105,0.16450321674346924,NoGesture,0.16450321674346924,NoGesture,0.05295107308283891,0.05295107308283891,0.947048926917161
10.366666666666667,0.8254338502883911,0.7191750627165376,0.10625879987177633,0.1745661497116089,NoGesture,0.1745661497116089,NoGesture,0.05939197314273776,0.05939197314273776,0.9406080268572622
10.4,0.8031762838363647,0.6975571138519214,0.10561921785748041,0.19682371616363525,NoGesture,0.19682371616363525,NoGesture,0.05528633993770666,0.05528633993770666,0.9447136600622933
10.433333333333334,0.7611743211746216,0.6585154719216533,0.10265888328011208,0.23882567882537842,NoGesture,0.23882567882537842,Gesture,0.9731741217069092,0.02682587829309083,0.9731741217069092
10.466666666666667,0.7147223353385925,0.6217617447077188,0.09296054803010279,0.28527766466140747,NoGesture,0.28527766466140747,Gesture,0.9851756631455535,0.014824336854446436,0.9851756631455535
10.5,0.6971664428710938,0.6066190393062243,0.090547413953459,0.30283355712890625,NoGesture,0.30283355712890625,Gesture,0.990021997089027,0.009978002910972936,0.990021997089027
10.533333333333333,0.7089236378669739,0.6166813820742512,0.09224223466515191,0.2910763621330261,NoGesture,0.2910763621330261,Gesture,0.9804288846167826,0.01957111538321747,0.9804288846167826
10.566666666666666,0.7031857967376709,0.6135583617439266,0.08962745595031407,0.2968142032623291,NoGesture,0.2968142032623291,Gesture,0.9646784189023075,0.03532158109769248,0.9646784189023075
10.6,0.6811545491218567,0.5970548678367678,0.08409967621009207,0.3188454508781433,NoGesture,0.3188454508781433,Gesture,0.9546426497612264,0.04535735023877362,0.9546426497612264
10.633333333333333,0.6532022356987,0.5734907470185213,0.07971152274732995,0.34679776430130005,NoGesture,0.34679776430130005,Gesture,0.9611283226680223,0.03887167733197767,0.9611283226680223
10.666666666666666,0.6063342094421387,0.533261342957303,0.07307286648483569,0.39366579055786133,NoGesture,0.39366579055786133,Gesture,0.9791939965442953,0.020806003455704672,0.9791939965442953
10.7,0.5957359075546265,0.5262157324844097,0.06952014843874643,0.40426409244537354,NoGesture,0.40426409244537354,Gesture,0.972381426281286,0.02761857371871403,0.972381426281286
10.733333333333333,0.5833009481430054,0.5169196724603324,0.06638128002860366,0.41669905185699463,NoGesture,0.41669905185699463,NoGesture,0.05254294729975825,0.05254294729975825,0.9474570527002418
10.766666666666667,0.5447412729263306,0.48296616102543766,0.061775124076809185,0.45525872707366943,NoGesture,0.45525872707366943,NoGesture,0.05461240405127729,0.05461240405127729,0.9453875959487227
10.8,0.5057976245880127,0.4473670084753252,0.05843060857571558,0.4942023754119873,NoGesture,0.4942023754119873,NoGesture,0.09548660633124231,0.09548660633124231,0.9045133936687577
10.833333333333334,0.4732798933982849,0.41875819871618347,0.05452169820831143,0.5267201066017151,NoGesture,0.5267201066017151,NoGesture,0.07593707347283667,0.07593707347283667,0.9240629265271633
10.866666666666667,0.45730194449424744,0.4042915815546664,0.05301037997540603,0.5426980555057526,NoGesture,0.5426980555057526,NoGesture,0.09823174436660605,0.09823174436660605,0.901768255633394
10.9,0.43797415494918823,0.3861495077615018,0.051824650450848164,0.5620258450508118,NoGesture,0.5620258450508118,NoGesture,0.09806223892847295,0.09806223892847295,0.901937761071527
10.933333333333334,0.41842952370643616,0.36933433356501233,0.0490951994940525,0.5815704762935638,NoGesture,0.5815704762935638,NoGesture,0.18720892346201892,0.18720892346201892,0.8127910765379811
10.966666666666667,0.4042784571647644,0.3554689620884979,0.04880949507626653,0.5957215428352356,NoGesture,0.5957215428352356,NoGesture,0.09118602466275438,0.09118602466275438,0.9088139753372455
11.0,0.3793361485004425,0.33400727201453506,0.045328899096103825,0.6206638514995575,NoGesture,0.6206638514995575,Gesture,0.9739329280912196,0.026067071908780357,0.9739329280912196
11.033333333333333,0.3730543851852417,0.3305513478097666,0.04250301236022924,0.6269456148147583,NoGesture,0.6269456148147583,Gesture,0.9895642899306974,0.01043571006930243,0.9895642899306974
11.066666666666666,0.383504718542099,0.34062086187645235,0.04288385095098102,0.616495281457901,NoGesture,0.616495281457901,Gesture,0.9910899630518805,0.00891003694811951,0.9910899630518805
11.1,0.3851699233055115,0.3411781704122596,0.04399176724194964,0.6148300766944885,NoGesture,0.6148300766944885,Gesture,0.990623422027501,0.009376577972498974,0.990623422027501
11.133333333333333,0.4044528901576996,0.3586980374169517,0.04575482863347702,0.5955471098423004,NoGesture,0.5955471098423004,Gesture,0.9878758680911834,0.012124131908816496,0.9878758680911834
11.166666666666666,0.430758535861969,0.3818744261094267,0.048884106543141126,0.569241464138031,NoGesture,0.569241464138031,Gesture,0.983849625362722,0.016150374637277826,0.983849625362722
11.2,0.44243234395980835,0.3914334759045133,0.05099884827702805,0.5575676560401917,NoGesture,0.5575676560401917,Gesture,0.9857094115111134,0.014290588488886678,0.9857094115111134
11.233333333333333,0.43623214960098267,0.38465811908875125,0.05157403051223142,0.5637678503990173,NoGesture,0.5637678503990173,Gesture,0.9840185911654606,0.015981408834539253,0.9840185911654606
11.266666666666667,0.4385039806365967,0.38660171602985827,0.05190228747650316,0.5614960193634033,NoGesture,0.5614960193634033,Gesture,0.9732441290231109,0.026755870976889154,0.9732441290231109
11.3,0.4522060453891754,0.3989758770742231,0.05323016831495231,0.5477939546108246,NoGesture,0.5477939546108246,Gesture,0.9629569104517841,0.03704308954821591,0.9629569104517841
11.333333333333334,0.4391758143901825,0.3869636470512816,0.052212173883130486,0.5608241856098175,NoGesture,0.5608241856098175,Gesture,0.9662123977401691,0.03378760225983091,0.9662123977401691
11.366666666666667,0.4477326571941376,0.39519612152555617,0.052536559019659146,0.5522673428058624,NoGesture,0.5522673428058624,NoGesture,0.05032270969285812,0.05032270969285812,0.9496772903071419
11.4,0.4682099223136902,0.414042022036174,0.05416788632377312,0.5317900776863098,NoGesture,0.5317900776863098,NoGesture,0.07117513031338692,0.07117513031338692,0.928824869686613
11.433333333333334,0.49485349655151367,0.43761528433543617,0.05723818640745648,0.5051465034484863,NoGesture,0.5051465034484863,NoGesture,0.06282333729830906,0.06282333729830906,0.9371766627016909
11.466666666666667,0.49973350763320923,0.4431454706231648,0.05658805190326355,0.5002664923667908,NoGesture,0.5002664923667908,Gesture,0.951008085182435,0.04899191481756517,0.951008085182435
11.5,0.5238587260246277,0.46387519179614145,0.059983526422382916,0.4761412739753723,NoGesture,0.4761412739753723,Gesture,0.9549202014660072,0.045079798533992764,0.9549202014660072
11.533333333333333,0.5555505752563477,0.49114161189896777,0.06440896749655423,0.44444942474365234,NoGesture,0.44444942474365234,NoGesture,0.07190843105885818,0.07190843105885818,0.9280915689411418
11.566666666666666,0.6222413778305054,0.5524730211614113,0.06976837984939177,0.37775862216949463,NoGesture,0.37775862216949463,NoGesture,0.10340548730928693,0.10340548730928693,0.8965945126907131
11.6,0.6628552675247192,0.5825787083817744,0.08027654432697506,0.33714473247528076,NoGesture,0.33714473247528076,NoGesture,0.10611359229396741,0.10611359229396741,0.8938864077060327
11.633333333333333,0.7039209604263306,0.6166557727071194,0.08726517198535166,0.29607903957366943,NoGesture,0.29607903957366943,NoGesture,0.08120371268322078,0.08120371268322078,0.9187962873167792
11.666666666666666,0.7090383768081665,0.6160370849597285,0.09300124958645739,0.2909616231918335,NoGesture,0.2909616231918335,NoGesture,0.06294495474944703,0.06294495474944703,0.9370550452505529
11.7,0.7102349400520325,0.6092717944290271,0.10096310328970404,0.28976505994796753,NoGesture,0.28976505994796753,NoGesture,0.07748242915647457,0.07748242915647457,0.9225175708435254
11.733333333333333,0.7076120972633362,0.5982412730747733,0.1093707714673533,0.2923879027366638,NoGesture,0.2923879027366638,NoGesture,0.0941279451843836,0.0941279451843836,0.9058720548156164
11.766666666666667,0.7123216390609741,0.5855729444336575,0.12674869462731664,0.2876783609390259,NoGesture,0.2876783609390259,NoGesture,0.09847702876813308,0.09847702876813308,0.9015229712318669
11.8,0.6859742403030396,0.561564353135033,0.12440985650256842,0.31402575969696045,NoGesture,0.31402575969696045,NoGesture,0.15378722335527995,0.15378722335527995,0.8462127766447202
11.833333333333334,0.6741496324539185,0.5605492271092558,0.11360041539027499,0.32585036754608154,NoGesture,0.32585036754608154,NoGesture,0.14424146686288117,0.14424146686288117,0.8557585331371188
11.866666666666667,0.693047821521759,0.5687333235973497,0.12431447726997469,0.30695217847824097,NoGesture,0.30695217847824097,NoGesture,0.1390127539848654,0.1390127539848654,0.8609872460151345
11.9,0.7312805652618408,0.5850445548651635,0.14623606488132523,0.2687194347381592,NoGesture,0.2687194347381592,NoGesture,0.13469507114245208,0.13469507114245208,0.865304928857548
11.933333333333334,0.7449193000793457,0.59369907699093,0.15122025638890335,0.2550806999206543,NoGesture,0.2550806999206543,NoGesture,0.11134477361321259,0.11134477361321259,0.8886552263867874
11.966666666666667,0.7764232754707336,0.6158514111583635,0.16057184117315337,0.22357672452926636,NoGesture,0.22357672452926636,NoGesture,0.12984375720464555,0.12984375720464555,0.8701562427953544
12.0,0.8236825466156006,0.640616854814624,0.18306565497949734,0.17631745338439941,NoGesture,0.17631745338439941,NoGesture,0.1896280680933571,0.1896280680933571,0.8103719319066429
12.033333333333333,0.8665679693222046,0.6660538921106465,0.2005141030372961,0.1334320306777954,NoGesture,0.1334320306777954,NoGesture,0.23524568125422013,0.23524568125422013,0.7647543187457798
12.066666666666666,0.8831401467323303,0.6937192098359866,0.18942095005615744,0.11685985326766968,NoGesture,0.11685985326766968,NoGesture,0.17881705548571775,0.17881705548571775,0.8211829445142822
12.1,0.8977633714675903,0.7099922949021575,0.18777104980999937,0.10223662853240967,NoGesture,0.10223662853240967,NoGesture,0.1339172799906178,0.1339172799906178,0.8660827200093822
12.133333333333333,0.9071028232574463,0.7191888117462497,0.18791395744365502,0.09289717674255371,Gesture,0.7191888117462497,NoGesture,0.10803487216748009,0.10803487216748009,0.8919651278325199
12.166666666666666,0.926054835319519,0.7267058970875482,0.1993489244326785,0.07394516468048096,Gesture,0.7267058970875482,NoGesture,0.10245841583924006,0.10245841583924006,0.8975415841607599
12.2,0.9406324028968811,0.7212041399672238,0.2194282068635971,0.059367597103118896,Gesture,0.7212041399672238,NoGesture,0.11817889861869448,0.11817889861869448,0.8818211013813056
12.233333333333333,0.9497810006141663,0.72997392518743,0.21980710373241585,0.05021899938583374,Gesture,0.72997392518743,NoGesture,0.10953733675766854,0.10953733675766854,0.8904626632423315
12.266666666666667,0.9576696157455444,0.7516541700177726,0.20601545999816118,0.042330384254455566,Gesture,0.7516541700177726,NoGesture,0.10373496091221825,0.10373496091221825,0.8962650390877818
12.3,0.9652608036994934,0.7578920597101444,0.20736871522233535,0.03473919630050659,Gesture,0.7578920597101444,NoGesture,0.10132514577212659,0.10132514577212659,0.8986748542278733
12.333333333333334,0.9716808795928955,0.7553981687777878,0.21628269633593433,0.028319120407104492,Gesture,0.7553981687777878,NoGesture,0.10413206489736672,0.10413206489736672,0.8958679351026332
12.366666666666667,0.9749232530593872,0.7475557961224766,0.22736745693691063,0.025076746940612793,Gesture,0.7475557961224766,NoGesture,0.0631287030043879,0.0631287030043879,0.9368712969956121
12.4,0.9769981503486633,0.7461825283350905,0.23081568024720056,0.02300184965133667,Gesture,0.7461825283350905,Gesture,0.9509746618628224,0.04902533813717764,0.9509746618628224
12.433333333333334,0.9788750410079956,0.7396069756273036,0.23926810913981633,0.021124958992004395,Gesture,0.7396069756273036,NoGesture,0.0520545784192649,0.0520545784192649,0.9479454215807351
12.466666666666667,0.9824112057685852,0.7325093200263311,0.2499019150203896,0.017588794231414795,Gesture,0.7325093200263311,NoGesture,0.06857845311358056,0.06857845311358056,0.9314215468864195
12.5,0.9857403039932251,0.7431091248250681,0.24263117916815702,0.014259696006774902,Gesture,0.7431091248250681,NoGesture,0.08311768935919632,0.08311768935919632,0.9168823106408036
12.533333333333333,0.9888783097267151,0.7639578662232971,0.2249204287679829,0.011121690273284912,Gesture,0.7639578662232971,NoGesture,0.09647435454786735,0.09647435454786735,0.9035256454521328
12.566666666666666,0.9911775588989258,0.7652609299256596,0.225916599433873,0.008822441101074219,Gesture,0.7652609299256596,NoGesture,0.13574009120341313,0.13574009120341313,0.8642599087965869
12.6,0.992767333984375,0.7557092987135547,0.2370580648575924,0.007232666015625,Gesture,0.7557092987135547,NoGesture,0.15836991446619025,0.15836991446619025,0.8416300855338098
12.633333333333333,0.9924720525741577,0.7537304932010898,0.23874155937306796,0.007527947425842285,Gesture,0.7537304932010898,NoGesture,0.24390037795023703,0.24390037795023703,0.7560996220497629
12.666666666666666,0.9927918910980225,0.7368528804763628,0.2559390106216597,0.007208108901977539,Gesture,0.7368528804763628,NoGesture,0.31815009903195524,0.31815009903195524,0.6818499009680448
12.7,0.9932163953781128,0.7135410456305991,0.2796753201473585,0.006783604621887207,Gesture,0.7135410456305991,NoGesture,0.2598104206479868,0.2598104206479868,0.7401895793520132
12.733333333333333,0.9939836859703064,0.7045571606563286,0.2894264956909556,0.0060163140296936035,Gesture,0.7045571606563286,NoGesture,0.25127273608324147,0.25127273608324147,0.7487272639167586
12.766666666666667,0.9934607744216919,0.6886596584154319,0.30480111600626003,0.0065392255783081055,Gesture,0.6886596584154319,NoGesture,0.26971235411792355,0.26971235411792355,0.7302876458820764
12.8,0.9931653141975403,0.6623759065261616,0.3307894668686444,0.006834685802459717,Gesture,0.6623759065261616,NoGesture,0.2564237575206914,0.2564237575206914,0.7435762424793085
12.833333333333334,0.9917324781417847,0.6565498955171023,0.3351826712924755,0.008267521858215332,Gesture,0.6565498955171023,NoGesture,0.30645160557831425,0.30645160557831425,0.6935483944216857
12.866666666666667,0.9897689819335938,0.6409530317582721,0.34881592067790734,0.01023101806640625,Gesture,0.6409530317582721,NoGesture,0.318331626168379,0.318331626168379,0.6816683738316209
